datetime,open,high,low,close,volume
2024-07-22,9.84000015258789,9.899999618530273,9.119999885559082,9.649999618530273,2109100
2024-07-23,9.619999885559082,10.260000228881836,9.579999923706055,9.850000381469727,1299400
2024-07-24,9.649999618530273,9.829999923706055,8.9399995803833,8.960000038146973,1988700
2024-07-25,8.899999618530273,9.039999961853027,8.470000267028809,8.609999656677246,2101500
2024-07-26,9.020000457763672,9.239999771118164,8.625,8.670000076293945,1351200
2024-07-29,8.680000305175781,8.930000305175781,8.140000343322754,8.220000267028809,1317600
2024-07-30,8.369999885559082,8.529999732971191,7.985000133514404,8.119999885559082,2311600
2024-07-31,8.199999809265137,9.729999542236328,8.15999984741211,9.550000190734863,3619800
2024-08-01,9.609999656677246,9.979999542236328,8.305000305175781,8.399999618530273,3055800
2024-08-02,7.940000057220459,7.980000019073486,7.5,7.650000095367432,3095200
2024-08-05,6.889999866485596,7.320000171661377,6.699999809265137,6.96999979019165,1953700
2024-08-06,7.170000076293945,7.739999771118164,6.800000190734863,7.289999961853027,3421600
2024-08-07,8.300000190734863,8.6899995803833,6.860000133514404,6.869999885559082,4188400
2024-08-08,7.050000190734863,8.569999694824219,7.039999961853027,8.569999694824219,2652600
2024-08-09,8.600000381469727,8.640000343322754,7.599999904632568,7.739999771118164,2343500
2024-08-12,7.78000020980835,8.15999984741211,7.670000076293945,7.849999904632568,1350600
2024-08-13,8.050000190734863,8.149999618530273,7.885000228881836,8.020000457763672,1334200
2024-08-14,8.109999656677246,8.1899995803833,7.71999979019165,8.140000343322754,1546300
2024-08-15,8.300000190734863,8.59000015258789,8.199999809265137,8.529999732971191,1404500
2024-08-16,8.460000038146973,8.649999618530273,8.220000267028809,8.279999732971191,1214100
2024-08-19,8.350000381469727,8.75,8.220000267028809,8.600000381469727,1563200
2024-08-20,8.59000015258789,8.859999656677246,8.539999961853027,8.779999732971191,1539100
2024-08-21,8.850000381469727,8.944999694824219,8.430000305175781,8.920000076293945,1502900
2024-08-22,8.930000305175781,9.520000457763672,8.800000190734863,9.029999732971191,3012600
2024-08-23,9.1899995803833,9.720000267028809,8.869999885559082,9.710000038146973,2349100
2024-08-26,9.779999732971191,9.8100004196167,9.430000305175781,9.619999885559082,1400600
2024-08-27,9.539999961853027,9.6850004196167,9.140000343322754,9.180000305175781,1109000
2024-08-28,9.199999809265137,9.270000457763672,8.550000190734863,9.119999885559082,1686700
2024-08-29,9.199999809265137,10.585000038146973,9.130000114440918,10.300000190734863,3669800
2024-08-30,10.399999618530273,11.359999656677246,10.385000228881836,11.350000381469727,4196300
2024-09-03,12.0,12.75,11.890000343322754,12.260000228881836,6185000
2024-09-04,12.0,13.649999618530273,11.899999618530273,13.0,4302100
2024-09-05,13.020000457763672,13.597999572753906,12.140000343322754,12.239999771118164,2977300
2024-09-06,12.170000076293945,12.239999771118164,11.479999542236328,11.8100004196167,1807900
2024-09-09,11.84000015258789,13.130000114440918,11.8100004196167,13.020000457763672,2827900
2024-09-10,13.100000381469727,13.25,12.149999618530273,12.515000343322754,1764000
2024-09-11,12.520000457763672,13.350000381469727,12.09000015258789,13.029999732971191,2511800
2024-09-12,13.470000267028809,14.989999771118164,13.40999984741211,14.520000457763672,4594200
2024-09-13,14.539999961853027,14.967000007629395,14.149999618530273,14.609999656677246,1832300
2024-09-16,14.670000076293945,14.710000038146973,13.15999984741211,13.1899995803833,2942100
2024-09-17,13.510000228881836,13.670000076293945,13.178999900817871,13.579999923706055,1342400
2024-09-18,13.619999885559082,13.890000343322754,12.800000190734863,13.279999732971191,1352000
2024-09-19,14.09000015258789,14.390000343322754,13.640000343322754,14.199999809265137,1799900
2024-09-20,14.09000015258789,14.149999618530273,13.550000190734863,13.829999923706055,1552500
2024-09-23,14.020000457763672,14.718000411987305,13.8100004196167,14.0600004196167,1768600
2024-09-24,14.359999656677246,16.989999771118164,14.300000190734863,15.979999542236328,5535600
2024-09-25,16.0,16.100000381469727,15.149999618530273,15.380000114440918,2120300
2024-09-26,15.949999809265137,16.610000610351562,14.760000228881836,14.8100004196167,2467800
2024-09-27,14.829999923706055,15.270000457763672,13.550000190734863,13.734999656677246,2721200
2024-09-30,13.630000114440918,14.699999809265137,13.470000267028809,14.3100004196167,3393400
2024-10-01,14.029999732971191,14.300000190734863,13.149999618530273,13.319999694824219,1922400
2024-10-02,13.25,13.779999732971191,12.420000076293945,13.75,2092100
2024-10-03,13.649999618530273,14.4399995803833,13.380000114440918,14.194999694824219,1328600
2024-10-04,14.550000190734863,15.729999542236328,14.300000190734863,15.359999656677246,2484400
2024-10-07,15.279999732971191,15.579999923706055,14.510000228881836,14.9399995803833,1877600
2024-10-08,15.0600004196167,17.18000030517578,15.0600004196167,16.450000762939453,4281300
2024-10-09,16.309999465942383,16.600000381469727,15.670000076293945,16.170000076293945,2082400
2024-10-10,16.040000915527344,16.729999542236328,15.539999961853027,16.65999984741211,1452200
2024-10-11,16.65999984741211,17.93000030517578,16.59000015258789,17.860000610351562,2331800
2024-10-14,18.5,19.458999633789062,18.100000381469727,18.420000076293945,3954000
2024-10-15,18.549999237060547,18.790000915527344,16.924999237060547,17.399999618530273,3278000
2024-10-16,17.959999084472656,19.440000534057617,17.34000015258789,18.969999313354492,3669800
2024-10-17,19.440000534057617,19.540000915527344,18.520000457763672,19.0,2489900
2024-10-18,19.200000762939453,20.34000015258789,18.34000015258789,18.56999969482422,2812900
2024-10-21,18.56999969482422,18.75,17.799999237060547,18.510000228881836,1878600
2024-10-22,18.100000381469727,18.3700008392334,17.402999877929688,17.6299991607666,1896200
2024-10-23,17.469999313354492,18.450000762939453,16.93000030517578,17.010000228881836,2126700
2024-10-24,17.260000228881836,17.68000030517578,16.9950008392334,17.450000762939453,1642700
2024-10-25,17.920000076293945,18.549999237060547,17.3799991607666,17.440000534057617,1661200
2024-10-28,17.6299991607666,17.799999237060547,16.59000015258789,16.600000381469727,2582200
2024-10-29,16.350000381469727,16.670000076293945,15.1899995803833,15.670000076293945,4009100
2024-10-30,15.289999961853027,16.489999771118164,15.0,16.350000381469727,2297100
2024-10-31,16.010000228881836,16.219999313354492,15.5,15.619999885559082,1742000
2024-11-01,15.960000038146973,17.059999465942383,15.90999984741211,16.84000015258789,2367400
2024-11-04,16.84000015258789,17.43000030517578,16.329999923706055,16.399999618530273,1912100
2024-11-05,16.799999237060547,17.350000381469727,16.450000762939453,16.540000915527344,2078200
2024-11-06,17.530000686645508,18.0,15.90999984741211,16.209999084472656,4279900
2024-11-07,16.829999923706055,18.34000015258789,16.299999237060547,17.899999618530273,7538000
2024-11-08,19.5,27.80500030517578,18.6299991607666,27.760000228881836,19430500
2024-11-11,27.850000381469727,28.700000762939453,25.760000228881836,28.290000915527344,7278600
2024-11-12,27.719999313354492,28.940000534057617,27.200000762939453,28.540000915527344,3771300
2024-11-13,28.899999618530273,28.899999618530273,27.110000610351562,27.260000228881836,2816000
2024-11-14,27.469999313354492,29.170000076293945,27.100000381469727,28.149999618530273,4176100
2024-11-15,27.829999923706055,28.524999618530273,26.18000030517578,26.799999237060547,3451000
2024-11-18,26.75,29.3799991607666,26.270000457763672,27.31999969482422,3337900
2024-11-19,26.959999084472656,28.6299991607666,26.959999084472656,28.549999237060547,2066000
2024-11-20,29.950000762939453,34.09000015258789,29.729999542236328,34.06999969482422,6781300
2024-11-21,36.9900016784668,38.86000061035156,34.86000061035156,35.5,6408300
2024-11-22,35.821998596191406,38.939998626708984,35.17399978637695,37.9900016784668,4942200
2024-11-25,38.44499969482422,39.61000061035156,35.81999969482422,37.90999984741211,3574900
2024-11-26,38.27000045776367,39.40999984741211,36.16999816894531,37.02000045776367,2906600
2024-11-27,37.619998931884766,38.07099914550781,34.43199920654297,36.41999816894531,2928300
2024-11-29,37.63999938964844,43.04999923706055,37.4900016784668,41.220001220703125,3853500
2024-12-02,42.880001068115234,43.880001068115234,40.724998474121094,40.7400016784668,4014200
2024-12-03,40.529998779296875,44.314998626708984,40.25299835205078,41.7400016784668,3244500
2024-12-04,41.599998474121094,44.5,39.66999816894531,44.029998779296875,4414000
2024-12-05,44.029998779296875,44.20000076293945,34.20000076293945,34.47999954223633,8724000
2024-12-06,37.45000076293945,41.290000915527344,36.349998474121094,38.880001068115234,6082500
2024-12-09,38.59000015258789,39.38999938964844,34.91400146484375,36.15999984741211,3660800
2024-12-10,33.84000015258789,36.09000015258789,31.611000061035156,33.09000015258789,5844900
2024-12-11,34.0,34.73500061035156,31.440000534057617,33.67499923706055,3923000
2024-12-12,33.5,35.44900131225586,32.95000076293945,33.0,2692500
2024-12-13,33.75,38.2400016784668,33.560001373291016,36.43000030517578,4420100
2024-12-16,36.369998931884766,36.5,34.68000030517578,35.09000015258789,2257200
2024-12-17,34.95000076293945,35.005001068115234,31.329999923706055,32.11000061035156,3136500
2024-12-18,33.060001373291016,38.95000076293945,33.04999923706055,33.970001220703125,5197500
2024-12-19,34.900001525878906,36.45399856567383,31.5,32.38999938964844,3725400
2024-12-20,32.0,37.939998626708984,31.5,37.81999969482422,5217300
2024-12-23,37.52000045776367,39.029998779296875,35.70000076293945,36.720001220703125,2286700
2024-12-24,36.75,40.15999984741211,36.220001220703125,39.81999969482422,1817000
2024-12-26,39.18000030517578,41.27000045776367,38.21200180053711,40.939998626708984,1980100
2024-12-27,40.189998626708984,40.400001525878906,37.02000045776367,37.7400016784668,2475600
2024-12-30,36.97999954223633,36.9900016784668,34.189998626708984,36.2400016784668,2056300
2024-12-31,36.400001525878906,37.70000076293945,35.959999084472656,36.86000061035156,2304700
2025-01-02,35.970001220703125,37.32699966430664,33.13999938964844,35.599998474121094,3488200
2025-01-03,35.849998474121094,38.630001068115234,35.31999969482422,37.900001525878906,2404200
2025-01-06,39.5,39.849998474121094,33.529998779296875,33.93000030517578,4706900
2025-01-07,33.97999954223633,34.650001525878906,32.5099983215332,32.97999954223633,1974700
2025-01-08,32.70000076293945,34.005001068115234,31.893999099731445,32.369998931884766,2644500
2025-01-10,31.950000762939453,32.099998474121094,30.34000015258789,31.600000381469727,1718100
2025-01-13,30.260000228881836,30.299999237060547,28.399999618530273,28.989999771118164,2206300
2025-01-14,29.8700008392334,29.90999984741211,27.0,27.790000915527344,2625800
2025-01-15,28.799999237060547,31.290000915527344,28.600000381469727,31.18000030517578,2657200
2025-01-16,31.950000762939453,32.43000030517578,30.84000015258789,30.8799991607666,1928700
2025-01-17,31.8700008392334,32.11000061035156,29.8799991607666,31.030000686645508,2358700
2025-01-21,33.209999084472656,35.43299865722656,29.610000610351562,30.149999618530273,6208500
2025-01-22,31.059999465942383,34.20000076293945,30.899999618530273,33.29999923706055,4503500
2025-01-23,32.2400016784668,33.38999938964844,31.610000610351562,32.5,1827600
2025-01-24,32.849998474121094,32.97999954223633,30.639999389648438,30.690000534057617,1914900
2025-01-27,28.579999923706055,29.719999313354492,23.940000534057617,24.540000915527344,6411000
2025-01-28,25.079999923706055,27.06999969482422,23.649999618530273,26.670000076293945,3500500
2025-01-29,26.420000076293945,27.010000228881836,25.5,26.530000686645508,1998500
2025-01-30,27.139999389648438,29.0,27.139999389648438,28.06999969482422,2273300
2025-01-31,28.479999542236328,29.31999969482422,27.40999984741211,27.920000076293945,2118800
2025-02-03,26.270000457763672,27.260000228881836,25.5,25.829999923706055,3201500
2025-02-04,24.0,27.59000015258789,22.719999313354492,27.114999771118164,4614600
2025-02-05,26.65999984741211,29.40999984741211,26.100000381469727,28.15999984741211,2668400
2025-02-06,28.68000030517578,30.799999237060547,28.475000381469727,30.3799991607666,2516800
2025-02-07,30.549999237060547,30.774999618530273,28.704999923706055,29.610000610351562,1513500
2025-02-10,30.1200008392334,31.93000030517578,28.90999984741211,30.520000457763672,2916000
2025-02-11,29.290000915527344,29.757999420166016,27.81999969482422,27.850000381469727,2690800
2025-02-12,27.799999237060547,28.232999801635742,24.709999084472656,25.030000686645508,2738800
2025-02-13,25.5,27.549999237060547,25.399999618530273,27.040000915527344,2315400
2025-02-14,26.540000915527344,27.027000427246094,25.715999603271484,25.899999618530273,2250200
2025-02-18,26.190000534057617,28.709999084472656,25.399999618530273,26.43000030517578,3247200
2025-02-19,26.559999465942383,30.139999389648438,26.5,27.329999923706055,6111500
2025-02-20,28.299999237060547,29.420000076293945,26.81999969482422,27.5,3754800
2025-02-21,28.690000534057617,31.69499969482422,27.010000228881836,27.040000915527344,7237800
2025-02-24,27.81999969482422,31.0,26.760000228881836,27.31999969482422,5812200
2025-02-25,27.700000762939453,28.950000762939453,22.270000457763672,23.34000015258789,8281200
2025-02-26,24.600000381469727,26.972000122070312,24.600000381469727,25.190000534057617,5919100
2025-02-27,24.0,26.09600067138672,22.010000228881836,24.040000915527344,7224300
2025-02-28,23.288000106811523,23.5,20.350000381469727,21.860000610351562,5822500
2025-03-03,22.200000762939453,22.898000717163086,17.344999313354492,17.719999313354492,7997400
2025-03-04,17.0,18.90999984741211,16.5,18.139999389648438,7260500
2025-03-05,18.299999237060547,18.41900062561035,17.040000915527344,18.079999923706055,3228700
2025-03-06,17.290000915527344,17.290000915527344,15.40999984741211,15.550000190734863,4727600
2025-03-07,15.920000076293945,16.209999084472656,14.90999984741211,15.819999694824219,3589400
2025-03-10,15.069999694824219,15.199999809265137,13.8149995803833,14.149999618530273,3505100
2025-03-11,14.109999656677246,15.289999961853027,13.979999542236328,15.069999694824219,3020400
2025-03-12,16.020000457763672,18.510000228881836,16.020000457763672,17.299999237060547,7324400
2025-03-13,16.90999984741211,17.15999984741211,15.569999694824219,15.869999885559082,6709800
2025-03-14,23.649999618530273,23.690000534057617,19.799999237060547,22.110000610351562,17009500
2025-03-17,22.28499984741211,23.700000762939453,20.850000381469727,20.979999542236328,6452900
2025-03-18,20.940000534057617,21.799999237060547,20.0,20.200000762939453,5000800
2025-03-19,20.399999618530273,21.600000381469727,20.084999084472656,21.1299991607666,3257600
2025-03-20,20.93000030517578,21.739999771118164,20.725000381469727,21.079999923706055,2948900
2025-03-21,20.774999618530273,20.774999618530273,19.649999618530273,20.43000030517578,3263800
2025-03-24,21.184999465942383,22.770000457763672,20.989999771118164,22.280000686645508,4138700
2025-03-25,21.90999984741211,22.450000762939453,20.950000762939453,21.770000457763672,2575700
2025-03-26,21.729999542236328,22.0,19.399999618530273,19.489999771118164,2966600
2025-03-27,19.200000762939453,19.398000717163086,17.5,17.780000686645508,3100400
2025-03-28,17.579999923706055,17.591999053955078,15.920000076293945,16.3799991607666,3534300
2025-03-31,15.489999771118164,15.885000228881836,15.109999656677246,15.350000381469727,2859500
2025-04-01,15.359999656677246,15.359999656677246,14.440999984741211,15.09000015258789,2814400
2025-04-02,14.569999694824219,16.43000030517578,14.569999694824219,15.960000038146973,3221200
2025-04-03,14.84000015258789,14.869999885559082,12.654999732971191,12.829999923706055,6048000
2025-04-04,12.010000228881836,12.399999618530273,10.229999542236328,10.800000190734863,6541600
2025-04-07,10.09000015258789,12.989999771118164,9.944999694824219,11.229999542236328,6701700
2025-04-08,12.0649995803833,13.069999694824219,10.399999618530273,10.699999809265137,6352000
2025-04-09,10.680000305175781,14.505000114440918,10.350000381469727,13.869999885559082,7021400
2025-04-10,13.130000114440918,13.446999549865723,11.539999961853027,11.720000267028809,4232600
2025-04-11,11.569999694824219,11.670000076293945,10.630000114440918,11.279999732971191,2817100
2025-04-14,12.020000457763672,12.449999809265137,10.835000038146973,11.25,3357000
2025-04-15,11.350000381469727,11.767000198364258,11.25,11.449999809265137,2305000
2025-04-16,10.819999694824219,11.029999732971191,10.039999961853027,10.430000305175781,3254800
2025-04-17,10.4399995803833,10.710000038146973,10.279999732971191,10.65999984741211,2060700
2025-04-21,10.350000381469727,10.355999946594238,9.711000442504883,10.050000190734863,2346400
2025-04-22,10.210000038146973,11.0600004196167,10.180000305175781,10.949999809265137,2736000
2025-04-23,11.954999923706055,12.972000122070312,11.614999771118164,11.65999984741211,4696300
2025-04-24,11.6899995803833,13.109999656677246,11.53499984741211,12.789999961853027,3134200
2025-04-25,12.619999885559082,13.057999610900879,12.350000381469727,12.5600004196167,1857700
2025-04-28,12.800000190734863,13.539999961853027,12.510000228881836,13.069999694824219,3003100
2025-04-29,12.819999694824219,13.100000381469727,12.569999694824219,12.819999694824219,1823400
2025-04-30,12.0600004196167,12.819999694824219,11.864999771118164,12.789999961853027,1968200
2025-05-01,13.390000343322754,14.96500015258789,13.390000343322754,14.710000038146973,5076200
2025-05-02,15.25,15.430000305175781,14.279999732971191,14.960000038146973,4196300
2025-05-05,14.510000228881836,14.937999725341797,14.34000015258789,14.4399995803833,1966500
2025-05-06,13.800000190734863,14.25,13.40999984741211,13.9399995803833,2544600
2025-05-07,13.864999771118164,14.015000343322754,13.3100004196167,13.979999542236328,2027600
2025-05-08,15.329999923706055,15.399999618530273,13.90999984741211,14.760000228881836,4567300
2025-05-09,13.670000076293945,15.234999656677246,12.557000160217285,14.670000076293945,7922800
2025-05-12,16.239999771118164,18.670000076293945,15.760000228881836,18.239999771118164,7280000
2025-05-13,18.283000946044922,21.15999984741211,17.850000381469727,20.290000915527344,6945600
2025-05-14,20.479999542236328,20.6200008392334,18.523000717163086,19.110000610351562,5753900
2025-05-15,18.940000534057617,19.506000518798828,17.399999618530273,18.8700008392334,5189600
2025-05-16,19.190000534057617,19.850000381469727,18.549999237060547,18.690000534057617,3100300
2025-05-19,18.125,19.059999465942383,17.83099937438965,19.040000915527344,2548700
2025-05-20,18.809999465942383,18.989999771118164,18.479999542236328,18.959999084472656,2077700
2025-05-21,18.489999771118164,19.218000411987305,16.799999237060547,17.06999969482422,3621900
2025-05-22,17.079999923706055,18.09000015258789,17.079999923706055,17.610000610351562,1972600
2025-05-23,16.799999237060547,18.038999557495117,16.75,17.8799991607666,2237500
2025-05-27,18.5,19.198999404907227,17.889999389648438,18.559999465942383,2739300
2025-05-28,18.670000076293945,18.959999084472656,17.565000534057617,17.649999618530273,2913800
2025-05-29,18.239999771118164,18.290000915527344,16.530000686645508,16.93000030517578,2613000
2025-05-30,16.559999465942383,16.700000762939453,15.0600004196167,15.420000076293945,5025600
2025-06-02,15.3100004196167,15.770000457763672,15.0600004196167,15.515000343322754,1896400
2025-06-03,15.899999618530273,17.209999084472656,15.470000267028809,16.760000228881836,3519200
2025-06-04,17.43000030517578,17.61400032043457,16.530000686645508,17.110000610351562,2137100
2025-06-05,17.239999771118164,17.434999465942383,16.0,16.260000228881836,3057400
2025-06-06,16.565000534057617,17.450000762939453,16.260000228881836,16.829999923706055,2508100
2025-06-09,17.25,17.25,16.600000381469727,16.8700008392334,2281800
2025-06-10,16.920000076293945,17.25,16.049999237060547,16.440000534057617,2797100
2025-06-11,16.84000015258789,17.5,16.240999221801758,16.31999969482422,3877500
2025-06-12,17.649999618530273,19.760000228881836,16.670000076293945,16.920000076293945,18448700
2025-06-13,16.520000457763672,16.700000762939453,15.289999961853027,15.470000267028809,4967100
2025-06-16,15.970000267028809,18.14900016784668,15.895000457763672,17.09000015258789,5576800
2025-06-17,17.075000762939453,17.579999923706055,16.55299949645996,16.780000686645508,4194800
2025-06-18,17.094999313354492,20.0,16.899999618530273,19.770000457763672,10371100
2025-06-20,20.5,23.6200008392334,20.040000915527344,23.450000762939453,13947100
2025-06-23,22.40999984741211,23.010000228881836,21.08099937438965,22.56999969482422,6023600
2025-06-24,23.25,24.459999084472656,22.600000381469727,23.290000915527344,5190800
2025-06-25,23.40999984741211,26.700000762939453,21.899999618530273,26.229999542236328,8489900
2025-06-26,26.0,28.010000228881836,25.350000381469727,27.770000457763672,5632800
2025-06-27,27.90999984741211,28.0,25.280000686645508,26.219999313354492,8123800
2025-06-30,26.899999618530273,27.600000381469727,25.31999969482422,25.690000534057617,3408200
2025-07-01,25.149999618530273,26.010000228881836,23.850000381469727,25.350000381469727,4575500
2025-07-02,25.09000015258789,26.739999771118164,23.899999618530273,26.690000534057617,4578600
2025-07-03,26.760000228881836,31.014999389648438,26.420000076293945,28.65999984741211,6962100
2025-07-07,27.809999465942383,28.0,25.729999542236328,26.440000534057617,6762200
2025-07-08,27.15999984741211,27.65999984741211,26.06999969482422,26.8799991607666,4359500
2025-07-09,27.579999923706055,28.860000610351562,26.200000762939453,27.920000076293945,5507000
2025-07-10,27.889999389648438,29.0,26.68000030517578,28.25,3409800
2025-07-11,27.64699935913086,29.06999969482422,27.64699935913086,28.399999618530273,3152100
2025-07-14,28.235000610351562,29.81999969482422,27.100000381469727,29.4950008392334,4312400
2025-07-15,31.239999771118164,31.579999923706055,28.459999084472656,29.239999771118164,4551900
2025-07-16,28.93000030517578,29.0,26.360000610351562,28.985000610351562,4855300
2025-07-17,29.0,30.131999969482422,28.6299991607666,29.420000076293945,3816200
2025-07-18,30.0,30.200000762939453,27.6299991607666,28.6299991607666,3936000
2025-07-21,28.68000030517578,29.440000534057617,27.979999542236328,28.229999542236328,3092400
2025-07-22,28.18000030517578,28.229999542236328,25.399999618530273,26.350000381469727,5039400
2025-07-23,27.200000762939453,27.777999877929688,25.915000915527344,26.30500030517578,3038700
2025-07-24,26.559999465942383,27.450000762939453,25.700000762939453,25.84000015258789,3064200
2025-07-25,26.40999984741211,27.8799991607666,25.770000457763672,27.1299991607666,4194200
2025-07-28,27.510000228881836,27.59000015258789,24.760000228881836,25.219999313354492,5495000
2025-07-29,25.540000915527344,26.350000381469727,23.989999771118164,24.110000610351562,4077100
2025-07-30,24.299999237060547,24.56999969482422,22.399999618530273,23.059999465942383,5051000
2025-07-31,23.780000686645508,24.530000686645508,22.860000610351562,22.8700008392334,5361500
2025-08-01,21.459999084472656,22.299999237060547,20.940000534057617,21.530000686645508,5885900
2025-08-04,22.709999084472656,22.850000381469727,21.45400047302246,22.190000534057617,3617400
2025-08-05,22.360000610351562,22.360000610351562,20.479999542236328,21.415000915527344,4020400
2025-08-06,21.719999313354492,23.375,21.520000457763672,23.229999542236328,5727600
2025-08-07,23.559999465942383,23.600000381469727,21.802000045776367,22.329999923706055,6412000
2025-08-08,23.975000381469727,24.399999618530273,20.670000076293945,21.59000015258789,12222900
2025-08-11,21.600000381469727,21.600000381469727,19.885000228881836,20.860000610351562,5699700
2025-08-12,21.329999923706055,23.81100082397461,21.30500030517578,22.790000915527344,5557400
2025-08-13,23.645000457763672,24.299999237060547,22.094999313354492,23.020000457763672,4930700
2025-08-14,22.1299991607666,22.5,20.458999633789062,21.010000228881836,4933300
2025-08-15,21.809999465942383,22.959999084472656,21.315000534057617,22.364999771118164,4211100
2025-08-18,22.780000686645508,26.968000411987305,22.0,26.1299991607666,8720300
2025-08-19,25.520000457763672,25.790000915527344,22.520000457763672,22.770000457763672,6877900
2025-08-20,22.5,22.600000381469727,20.7189998626709,21.93000030517578,4400300
2025-08-21,21.81999969482422,23.75,21.600000381469727,23.700000762939453,4430600
2025-08-22,23.469999313354492,25.989999771118164,23.350000381469727,24.790000915527344,5150300
2025-08-25,25.075000762939453,26.329999923706055,24.329999923706055,24.34000015258789,5866400
2025-08-26,25.790000915527344,26.329999923706055,24.75,25.06999969482422,5071900
2025-08-27,25.200000762939453,25.540000915527344,24.024999618530273,24.049999237060547,4676200
2025-08-28,24.299999237060547,25.93000030517578,22.450000762939453,25.489999771118164,5717300
2025-08-29,25.81999969482422,26.649999618530273,24.09000015258789,24.200000762939453,3700300
2025-09-02,22.829999923706055,23.639999389648438,22.200000762939453,23.350000381469727,4528700
2025-09-03,23.809999465942383,24.59000015258789,22.510000228881836,23.020000457763672,4953400
2025-09-04,23.34000015258789,23.68000030517578,22.040000915527344,23.31999969482422,4102200
2025-09-05,23.850000381469727,24.225000381469727,22.6299991607666,23.989999771118164,3867500
2025-09-08,24.270000457763672,24.489999771118164,23.165000915527344,23.6299991607666,3254700
2025-09-09,23.55500030517578,24.100000381469727,22.739999771118164,23.719999313354492,2923500
2025-09-10,24.700000762939453,28.030000686645508,24.350000381469727,27.719999313354492,10593000
2025-09-11,27.350000381469727,27.649999618530273,26.280000686645508,26.850000381469727,5414200
2025-09-12,26.829999923706055,27.469999313354492,26.02199935913086,27.06999969482422,3793100
2025-09-15,28.09000015258789,29.799999237060547,27.75,29.559999465942383,8128900
2025-09-16,29.700000762939453,29.700000762939453,27.299999237060547,28.93000030517578,6601900
2025-09-17,28.40999984741211,30.049999237060547,28.229999542236328,29.469999313354492,5373200
2025-09-18,30.3700008392334,30.415000915527344,28.437000274658203,29.040000915527344,4777100
2025-09-19,28.700000762939453,29.8799991607666,28.520000457763672,28.989999771118164,4323400
2025-09-22,28.200000762939453,30.799999237060547,27.799999237060547,30.540000915527344,4741800
2025-09-23,30.5,31.1299991607666,27.6200008392334,28.059999465942383,6163000
2025-09-24,27.96500015258789,28.459999084472656,26.5,26.690000534057617,4705000
2025-09-25,25.739999771118164,26.645000457763672,24.790000915527344,26.34000015258789,4339300
2025-09-26,26.299999237060547,26.440000534057617,25.450000762939453,25.770000457763672,2730700
2025-09-29,26.299999237060547,26.5,25.709999084472656,25.940000534057617,3107400
2025-09-30,25.799999237060547,26.799999237060547,25.1299991607666,25.93000030517578,3543000
2025-10-01,25.299999237060547,28.450000762939453,25.25,28.420000076293945,3735900
2025-10-02,28.959999084472656,29.381000518798828,27.84000015258789,27.979999542236328,3673700
2025-10-03,28.049999237060547,28.790000915527344,26.871000289916992,27.93000030517578,3937600
2025-10-06,29.100000381469727,34.472999572753906,28.399999618530273,33.790000915527344,10810300
2025-10-07,33.654998779296875,34.619998931884766,29.764999389648438,31.334999084472656,7945800
2025-10-08,31.729999542236328,32.45000076293945,30.860000610351562,32.220001220703125,3170400
2025-10-09,32.439998626708984,34.099998474121094,31.1200008392334,32.369998931884766,5021900
2025-10-10,33.15999984741211,35.20000076293945,27.1200008392334,27.149999618530273,8797000
2025-10-13,28.5,29.420000076293945,27.50200080871582,29.100000381469727,4528300
2025-10-14,27.799999237060547,29.34000015258789,26.66200065612793,28.479999542236328,4114300
2025-10-15,30.0,33.029998779296875,29.177000045776367,32.95000076293945,6786300
2025-10-16,32.95000076293945,33.2599983215332,30.93000030517578,31.139999389648438,3988700
2025-10-17,30.510000228881836,32.47999954223633,28.8700008392334,31.920000076293945,4668700
2025-10-20,32.88999938964844,35.849998474121094,32.599998474121094,34.13999938964844,6475300
2025-10-21,34.0099983215332,35.31999969482422,32.709999084472656,33.400001525878906,4134300
2025-10-22,32.36000061035156,32.85200119018555,28.850000381469727,29.975000381469727,5269000
2025-10-23,29.899999618530273,32.08000183105469,29.850000381469727,31.399999618530273,3943200
2025-10-24,32.130001068115234,34.39099884033203,31.5,34.0099983215332,4461800
2025-10-27,35.0,37.676998138427734,34.380001068115234,37.220001220703125,5328400
2025-10-28,36.790000915527344,37.61000061035156,35.0099983215332,36.869998931884766,5313000
2025-10-29,37.33000183105469,38.9900016784668,34.75,35.47999954223633,7001400
2025-10-30,34.4900016784668,36.29999923706055,34.099998474121094,35.06999969482422,3590400
2025-10-31,35.70000076293945,36.47700119018555,34.18000030517578,35.560001373291016,3960400
2025-11-03,36.13999938964844,37.0,32.83000183105469,33.040000915527344,4695100
2025-11-04,31.0,31.610000610351562,28.200000762939453,29.5,7716600
2025-11-05,30.739999771118164,32.20000076293945,29.799999237060547,31.510000228881836,4930500
2025-11-06,31.479999542236328,31.56999969482422,28.65999984741211,29.100000381469727,7338800
2025-11-07,25.0,30.25,24.760000228881836,28.56999969482422,10118500
2025-11-10,28.010000228881836,28.049999237060547,24.049999237060547,25.420000076293945,9309000
2025-11-11,24.719999313354492,24.871000289916992,23.520000457763672,23.75,6066800
2025-11-12,24.239999771118164,24.670000076293945,23.450000762939453,23.940000534057617,4482900
2025-11-13,23.459999084472656,23.459999084472656,19.920000076293945,20.90999984741211,7722100
2025-11-14,19.639999389648438,22.047000885009766,19.200000762939453,21.46500015258789,6607500
2025-11-17,21.420000076293945,23.0,21.0,21.6299991607666,4845500
2025-11-18,21.110000610351562,22.229999542236328,20.790000915527344,20.889999389648438,3114900
2025-11-19,20.84000015258789,21.440000534057617,20.540000915527344,20.8700008392334,3414500
2025-11-20,22.299999237060547,22.81999969482422,19.395000457763672,19.489999771118164,6354200
2025-11-21,19.280000686645508,20.799999237060547,18.5,20.579999923706055,5955100
2025-11-24,20.809999465942383,22.89699935913086,20.6299991607666,22.469999313354492,4393000
2025-11-25,21.959999084472656,22.850000381469727,21.399999618530273,22.729999542236328,2357100
2025-11-26,23.450000762939453,26.68000030517578,23.1200008392334,25.56999969482422,7543900
2025-11-28,25.610000610351562,27.290000915527344,25.559999465942383,26.780000686645508,3588400
2025-12-01,25.780000686645508,26.950000762939453,25.701000213623047,26.530000686645508,3694400
2025-12-02,26.850000381469727,27.899999618530273,26.010000228881836,26.020000457763672,3471900
2025-12-03,26.110000610351562,26.440000534057617,25.020000457763672,25.649999618530273,2817100
2025-12-04,25.290000915527344,26.299999237060547,24.829999923706055,26.239999771118164,3492000
2025-12-05,26.34000015258789,27.030000686645508,25.799999237060547,26.59000015258789,2879100
2025-12-08,27.489999771118164,27.979999542236328,26.81999969482422,27.84000015258789,4119200
2025-12-09,27.3799991607666,30.489999771118164,27.170000076293945,30.3799991607666,5810000
2025-12-10,29.55500030517578,35.72999954223633,29.329999923706055,34.97999954223633,9850300
2025-12-11,35.275001525878906,37.04999923706055,33.689998626708984,36.31999969482422,11948600
2025-12-12,35.39500045776367,35.4900016784668,31.940000534057617,32.060001373291016,5436500
2025-12-15,33.68000030517578,33.900001525878906,29.690000534057617,29.899999618530273,4421900
2025-12-16,29.31999969482422,30.11400032043457,27.770000457763672,28.959999084472656,4068200
2025-12-17,29.68000030517578,30.399999618530273,26.799999237060547,27.139999389648438,3400800
2025-12-18,28.200000762939453,29.799999237060547,27.780000686645508,29.25,4536900
2025-12-19,29.7549991607666,31.93000030517578,29.329999923706055,31.31999969482422,5123900
2025-12-22,32.290000915527344,39.599998474121094,32.290000915527344,39.095001220703125,9773200
2025-12-23,37.63999938964844,41.959999084472656,37.2599983215332,40.63999938964844,9343200
2025-12-24,40.72999954223633,41.470001220703125,39.96900177001953,41.0,2370000
2025-12-26,41.0,41.20000076293945,37.099998474121094,37.16999816894531,3825400
2025-12-29,36.5,39.220001220703125,36.25,36.75,3743700
2025-12-30,36.61000061035156,37.72999954223633,35.86000061035156,36.02000045776367,2312500
2025-12-31,35.75,36.0,34.79999923706055,34.86000061035156,2744200
2026-01-02,36.345001220703125,40.099998474121094,35.7599983215332,39.599998474121094,4857600
2026-01-05,41.05500030517578,41.349998474121094,34.810001373291016,34.9900016784668,6609600
2026-01-06,35.0099983215332,39.189998626708984,34.02000045776367,38.61000061035156,5061800
2026-01-07,37.540000915527344,39.5,36.810001373291016,38.05500030517578,3814400
2026-01-08,37.90999984741211,38.0,31.670000076293945,33.0099983215332,8578800
2026-01-09,32.650001525878906,34.4900016784668,31.858999252319336,34.040000915527344,5546300
2026-01-12,33.150001525878906,34.439998626708984,32.599998474121094,33.720001220703125,3848700
2026-01-13,33.900001525878906,35.02000045776367,33.130001068115234,34.18000030517578,3169000
2026-01-14,34.09000015258789,34.54499816894531,33.279998779296875,34.470001220703125,2088000
2026-01-15,35.30500030517578,38.709999084472656,35.189998626708984,37.0,5691200
2026-01-16,38.099998474121094,40.04999923706055,37.0,37.040000915527344,4257900
2026-01-20,35.54999923706055,39.939998626708984,35.369998931884766,39.2599983215332,4089700
2026-01-21,39.40999984741211,40.0,35.540000915527344,38.380001068115234,3450300
2026-01-22,39.9900016784668,41.38999938964844,38.0099983215332,38.150001525878906,4269100
2026-01-23,37.900001525878906,37.900001525878906,35.68000030517578,35.720001220703125,2976200
2026-01-26,35.56999969482422,36.749000549316406,34.540000915527344,34.88999938964844,3243000
2026-01-27,35.9900016784668,38.0,35.099998474121094,37.38999938964844,3134000
2026-01-28,37.869998931884766,46.29999923706055,37.654998779296875,45.22999954223633,11717700
2026-01-29,42.93000030517578,43.0,37.150001525878906,39.56999969482422,8572100
2026-01-30,41.06999969482422,48.310001373291016,40.75,43.61000061035156,12001000
2026-02-02,42.0099983215332,49.11000061035156,42.0099983215332,44.15999984741211,8889400
2026-02-03,46.20000076293945,47.439998626708984,42.25,46.119998931884766,5659400
2026-02-04,47.0,47.0099983215332,37.9900016784668,39.900001525878906,7206200
2026-02-05,38.57500076293945,40.400001525878906,37.018001556396484,38.130001068115234,3848700
2026-02-06,40.150001525878906,44.790000915527344,39.63999938964844,44.29999923706055,5410400
2026-02-09,43.64500045776367,49.130001068115234,43.11000061035156,47.90999984741211,5961900
2026-02-10,47.525001525878906,50.099998474121094,47.029998779296875,48.4900016784668,4352300
2026-02-11,49.1150016784668,50.79999923706055,45.29999923706055,48.400001525878906,3537900
2026-02-12,48.86000061035156,48.95000076293945,42.5099983215332,43.9900016784668,4200100
2026-02-13,44.099998474121094,46.6619987487793,42.04999923706055,44.459999084472656,2745300
2026-02-17,43.20000076293945,45.4900016784668,41.119998931884766,43.90999984741211,3326500
2026-02-18,44.34000015258789,44.67499923706055,42.560001373291016,43.439998626708984,1858600
2026-02-19,43.25,47.0,42.709999084472656,46.97999954223633,3208400
2026-02-20,46.0,54.29999923706055,45.959999084472656,51.68000030517578,7979700
2026-02-23,50.52000045776367,55.084999084472656,49.95000076293945,53.959999084472656,6239100
2026-02-24,52.880001068115234,56.61000061035156,51.0,56.27000045776367,4197500
2026-02-25,57.20000076293945,59.25,56.8489990234375,58.119998931884766,3649000
2026-02-26,58.310001373291016,58.97999954223633,52.849998474121094,53.689998626708984,5508400
2026-02-27,65.93000030517578,84.30999755859375,65.56800079345703,84.2300033569336,24886200
2026-03-02,107.55000305175781,110.0,93.77999877929688,102.51000213623047,27112800
2026-03-03,91.5,97.4000015258789,86.05000305175781,95.33999633789062,16983300
2026-03-04,101.19999694824219,101.49700164794922,92.22000122070312,99.70999908447266,10474500
2026-03-05,97.48999786376953,102.27999877929688,91.3499984741211,101.13999938964844,10217700
2026-03-06,98.0,114.62999725341797,95.06999969482422,95.58000183105469,15240700
2026-03-09,95.17500305175781,110.87000274658203,93.7300033569336,110.62000274658203,13838000
2026-03-10,112.0999984741211,127.38999938964844,112.01000213623047,120.48999786376953,13617300
2026-03-11,118.55000305175781,128.9600067138672,113.87999725341797,127.01000213623047,10310400
2026-03-12,115.52999877929688,116.91000366210938,104.9800033569336,106.19000244140625,15398400
2026-03-13,104.37000274658203,105.38500213623047,94.1500015258789,96.80999755859375,14962100
2026-03-16,100.0,101.31999969482422,92.9000015258789,94.06999969482422,10815600
2026-03-17,90.06999969482422,91.8499984741211,85.08000183105469,86.33000183105469,16650000
2026-03-18,95.33999633789062,100.06999969482422,91.2300033569336,92.62999725341797,15330900
2026-03-19,89.125,102.0999984741211,88.5,101.91999816894531,11294000
2026-03-20,101.98500061035156,102.69000244140625,84.5999984741211,87.54000091552734,12205200
2026-03-23,90.0,96.08999633789062,84.91999816894531,95.76000213623047,10729800
2026-03-24,96.69000244140625,114.97000122070312,96.3550033569336,113.9000015258789,16895700
2026-03-25,110.12000274658203,118.75,109.01000213623047,114.41000366210938,11313000
2026-03-26,111.0,111.66000366210938,96.70500183105469,97.41999816894531,9617300
2026-03-27,101.19999694824219,101.5,94.18000030517578,98.20999908447266,7600900
2026-03-30,99.73999786376953,100.50499725341797,81.91000366210938,85.19000244140625,13584800
2026-03-31,86.68499755859375,87.56999969482422,78.57499694824219,84.58999633789062,13094300
2026-04-01,90.1500015258789,95.80999755859375,85.0,86.3499984741211,12788800
2026-04-02,81.5999984741211,105.56999969482422,81.51000213623047,103.91000366210938,20043600
2026-04-06,110.04499816894531,117.2300033569336,105.0999984741211,107.44999694824219,16994200
2026-04-07,108.83000183105469,118.69999694824219,108.77999877929688,117.63999938964844,12271400
2026-04-08,125.12000274658203,134.49000549316406,119.02999877929688,132.6999969482422,15028900
2026-04-09,132.72500610351562,145.10000610351562,127.11000061035156,133.3000030517578,16929500
2026-04-10,139.7449951171875,154.75,128.02000427246094,150.60000610351562,21901700
2026-04-13,148.52999877929688,155.39999389648438,143.5,153.19000244140625,11023300
2026-04-14,154.5050048828125,154.70599365234375,142.16000366210938,146.38999938964844,10767300
2026-04-15,142.52000427246094,145.99000549316406,135.10000610351562,142.5500030517578,9638300
2026-04-16,140.0,157.39999389648438,136.36000061035156,157.32000732421875,10688900
2026-04-17,160.6199951171875,161.47000122070312,152.5,159.4199981689453,8713100
2026-04-20,159.99000549316406,163.58999633789062,151.64999389648438,163.47000122070312,6711400
2026-04-21,164.49000549316406,173.41000366210938,149.67999267578125,150.57000732421875,10314900
2026-04-22,155.5,159.14999389648438,138.6199951171875,149.4199981689453,9839500
2026-04-23,147.78500366210938,153.1999969482422,132.6300048828125,137.72999572753906,8143600
2026-04-24,142.02000427246094,164.8699951171875,140.0,162.1699981689453,13924400
2026-04-27,153.10000610351562,153.4499969482422,141.5800018310547,145.77999877929688,9442600
2026-04-28,138.64500427246094,146.89999389648438,135.39999389648438,137.25999450683594,7158100
2026-04-29,143.72999572753906,154.31900024414062,138.10000610351562,152.8300018310547,9604100
2026-04-30,157.0500030517578,165.7689971923828,149.72999572753906,164.36000061035156,8838000
2026-05-01,162.6750030517578,191.8699951171875,158.02000427246094,183.50999450683594,13196700
2026-05-04,187.7949981689453,189.5,172.60000610351562,172.97999572753906,10179900
2026-05-05,175.27000427246094,188.9250030517578,174.1999969482422,180.57000732421875,7984000
2026-05-06,186.9600067138672,187.92999267578125,169.24000549316406,178.5399932861328,9107500
2026-05-07,172.60000610351562,172.60000610351562,152.19500732421875,157.5500030517578,14494600
2026-05-08,173.84500122070312,177.8800048828125,143.5800018310547,148.94000244140625,20778600
2026-05-11,152.25999450683594,190.9600067138672,150.5399932861328,184.89999389648438,16660000
2026-05-12,178.0,208.0,173.5,188.27999877929688,16391200
2026-05-13,205.0,233.6699981689453,191.73899841308594,223.10000610351562,18450400
2026-05-14,216.3800048828125,218.94000244140625,199.0800018310547,203.57000732421875,12104000
2026-05-15,191.25,200.61000061035156,186.0500030517578,190.36000061035156,8467700
2026-05-18,194.4199981689453,194.72999572753906,165.59500122070312,173.25999450683594,13219100
2026-05-19,167.34500122070312,175.99000549316406,160.10000610351562,171.3300018310547,8980000
2026-05-20,177.0,179.32000732421875,162.52000427246094,165.25999450683594,9784600
2026-05-21,167.00999450683594,182.17999267578125,163.66000366210938,176.80999755859375,9868900
2026-05-22,176.24000549316406,182.4600067138672,166.66000366210938,181.49000549316406,10301800
2026-05-26,186.72500610351562,194.9600067138672,176.61000061035156,177.6199951171875,11319200
2026-05-27,172.5050048828125,189.9199981689453,167.3000030517578,179.8300018310547,10258800
2026-05-28,181.0,183.24000549316406,166.69000244140625,169.02000427246094,10018400
2026-05-29,168.5500030517578,169.0,153.10000610351562,158.41000366210938,11922000
2026-06-01,149.25,191.97999572753906,149.0500030517578,185.6699981689453,16045900
2026-06-02,195.16000366210938,205.77000427246094,188.1999969482422,202.3699951171875,12724300
2026-06-03,200.5,205.0,180.5500030517578,184.07000732421875,9948700
2026-06-04,173.46499633789062,209.63999938964844,171.0919952392578,202.88999938964844,14528800
2026-06-05,191.4199981689453,208.5,174.22999572753906,177.0,19828200
2026-06-08,184.75,203.1999969482422,177.0500030517578,196.63999938964844,14905700
2026-06-09,202.80499267578125,207.60000610351562,160.8699951171875,162.8800048828125,26968700
2026-06-10,171.7899932861328,184.91000366210938,167.4199981689453,175.1300048828125,17040900
2026-06-11,167.55499267578125,175.1999969482422,162.10000610351562,172.77999877929688,14448500
2026-06-12,173.13999938964844,179.89999389648438,163.66000366210938,169.0500030517578,12686900
2026-06-15,177.27000427246094,194.97000122070312,176.60000610351562,191.5500030517578,14611900
2026-06-16,194.2100067138672,196.5,169.8699951171875,170.80999755859375,13109800
2026-06-17,174.71499633789062,177.58999633789062,165.7899932861328,167.33999633789062,10005500
2026-06-18,174.64999389648438,174.75999450683594,158.0399932861328,161.85000610351562,16726200
2026-06-22,162.9149932861328,177.16000366210938,155.74000549316406,171.22999572753906,14536900
2026-06-23,158.0,160.9949951171875,145.25999450683594,147.44000244140625,13591900
2026-06-24,149.50999450683594,150.33999633789062,137.6999969482422,146.97000122070312,10609900
2026-06-25,151.19000244140625,152.39999389648438,134.30999755859375,138.5399932861328,13301900
2026-06-26,131.67999267578125,140.8300018310547,127.01000213623047,135.69000244140625,20188200
2026-06-29,135.42599487304688,150.39999389648438,130.2899932861328,150.10000610351562,10321900
2026-06-30,146.5,152.22999572753906,144.17999267578125,148.16000366210938,7492800
2026-07-01,143.55999755859375,147.5399932861328,136.66000366210938,139.0,6477800
2026-07-02,135.85000610351562,139.27000427246094,113.41100311279297,120.94999694824219,15986500
2026-07-06,120.20500183105469,129.8090057373047,116.5,123.36000061035156,8121000
2026-07-07,118.1500015258789,126.19000244140625,111.5,114.41000366210938,9265800
2026-07-08,113.0199966430664,118.0999984741211,110.5,114.44000244140625,6289000
2026-07-09,119.5,127.51000213623047,118.18000030517578,122.20999908447266,9211800
2026-07-10,118.70999908447266,124.77999877929688,113.10099792480469,119.91999816894531,6738000
2026-07-13,115.91500091552734,117.59100341796875,109.20999908447266,111.87999725341797,6599200
2026-07-14,119.41999816894531,128.35000610351562,117.69999694824219,125.44999694824219,9987000
2026-07-15,123.78500366210938,124.43000030517578,106.0999984741211,109.08999633789062,10324200
2026-07-16,105.0,107.11000061035156,97.88999938964844,100.23999786376953,9966600
2026-07-17,96.11000061035156,106.18000030517578,91.5009994506836,102.41000366210938,9637800
2026-07-20,104.86000061035156,107.31999969482422,102.05999755859375,103.0199966430664,5154600
2026-07-21,107.9000015258789,116.72000122070312,107.4000015258789,116.0000991821289,3934368
